0.template	aff01246b64005a844eda45cdc1720b0d5f7761b90bb0290fad5bf75820762ed	9499587860a74886a38891787c76cdda3ca0791a877d9dd014ba8d9b0c5879c47a6508919c39fe5ed04710d7694367e0a47b21c6be48f612288363ddbd0f2522	1	f39fd6e51aad88f6f4ce6ab8827279cfffb92266
1.winner	d6c4d7d6fec078c44da2f2bb71448316e46c9fa57c9b57f5d769b5b0d9c9f000	3986ec66d27056f573c7d8691a049348c80d06be9020b8c5ed0b7421f312b0a33b6ae2573ff9d4de46d5b4b8725ac37a0859c3a9766f31d13ccf23b8777efa6b	0	f39fd6e51aad88f6f4ce6ab8827279cfffb92266
2.template	baed755166e0711dc4e2b0f9d4062321a385ef2d0654a497233399347df41c17	a6298d3f9a38d5b5d29af3b6a7c26b3155b3bbd687d2b70d0d1a62672a96c005701840ea3e35d69fc795d92c511cb0ec9f957ab682515c121a98a5a2ac2d462d	0	f39fd6e51aad88f6f4ce6ab8827279cfffb92266
3.winner	b4d65b64e29ab04756e60556e4382a4f42d504364fd3fb03443237b160119cfd	2650a25801765a2a6608c243700ecd96eadcba9a4f8e3872672b7b2e5b2c67746dd7a79134ba006a91bd3f34add17a3d5e00f924c149ae8858bd5728368c6eeb	0	f39fd6e51aad88f6f4ce6ab8827279cfffb92266
4.template	9e308940d40b096ae1b51a000657cec0e4f36bb9a31620531925f256645bc1df	5802e5ab53cda190bdb2038d80d2ebbf37a16d92ff2d750c4947341c2d5c4eac016d96f64aa5cfed8c9b0d146639d06cdea5539ac189f369c14e344e2b9e9957	1	f39fd6e51aad88f6f4ce6ab8827279cfffb92266
5.winner	1608cf44c425d25f3fe5e1b081357fe1c0710af7a196c9c97bb05d22de9ade01	3505fe1987efe1d36cd8520f045f4b865d87ee55dd3adb5c01b76a23f1d61c51760e55f6ea0d550868bb064f599ff70fb70b6e7736995276beaf5b29016e546a	0	f39fd6e51aad88f6f4ce6ab8827279cfffb92266
6.template	7654839465780797b04dd90240bda0ed1e273a6b5d9d2a5cafef5e5a467aec4a	38e1a67539694f00d25aec84d6636a2b113fb27116b996ab9cda16caf87078407a7b5e7d470ada7a1bb6dff6a33b72b070084514563cf34eb392a740e1736eac	0	f39fd6e51aad88f6f4ce6ab8827279cfffb92266
7.winner	64a664f74a7dc378264ebc49d62871633f07a84df9e8c4e7558e93df2adccb53	167024b55c4f2bf1136e589aa2e12af0fb581286cdc96d81aaf971a692c1a84c08a04a190c0902095133059d9d648119c58f220089ac984e40da0f1c21b56783	0	f39fd6e51aad88f6f4ce6ab8827279cfffb92266
8.template	9f01e2079317de5af7511beb4eca7582c44b8444f994df4b731863afba341989	15c5c83691332d79381a3b38e987b2e9e1b2008e9812a0233dfdfc7173f8d8e34375131bf903a1245a97140f9aabb24fd591beabe0248fc0c3f71191f5520580	1	f39fd6e51aad88f6f4ce6ab8827279cfffb92266
9.winner	1f3330c3b30a96213a65ae11b0b089849618abc05b28c1c719fa307b00f9ba34	e2b6dae0f5cbd054714b85eaef59f7dc5721a430e12c8c26a43ccbac63b5c4d25c05cae9259c80ff6db6dd9c136a282377fde6b2b32ab06e319d626ce788910e	0	f39fd6e51aad88f6f4ce6ab8827279cfffb92266
10.template	f9ee82854c84605a929c6140145569907914a226fc980e90c85b87a03ebe0883	811089dc4b1bca2a16afd4db908cf96d126181b0d969060327b9af7a31a40a705d0b47fc0f00ec73e2940c2cfbc7b12b6e8cb0ace8d5b42434a2462662c8433e	0	f39fd6e51aad88f6f4ce6ab8827279cfffb92266
11.winner	a0c74705d6385714712e78d1f77b117222ff16072d65c9b358fcbdab28793a16	9407780d35370a56e4446d522ad0c0527a718bcde14467573d1646ea8be61afa7e80e0cd027b17fb0b59b0e92d0df6254b8322a7e5f72b708dffcfd642a6686e	0	f39fd6e51aad88f6f4ce6ab8827279cfffb92266
12.template	bfffc44b82c2047662f09d91b7a07cbb44b38734f3e9aa7b09f3d21f9d9b0ae1	ae710ab7b52b54a74e4da619d8e5d7d97c2c460f781c475d177cdfb405de96e87b55a786b849918ebb08a9dbeb773e41dbd01082c745d66696bd939bbc3d7e9d	0	f39fd6e51aad88f6f4ce6ab8827279cfffb92266
13.winner	633d2b08c1b9408859504566c6db1c4cedd033f8eb33986d563a688b8b4b12f4	a7dbae64b217fb1538ec7e4375ebe5bb73ff7e12c0c9589465f0c9946d3d65a167d4c94d7f2c0b85425008ae34e55d2c5f9b68e949871117281aa04b88dd3e99	1	f39fd6e51aad88f6f4ce6ab8827279cfffb92266
14.template	1065913ca8c30fc14862e199d010f02ab95417701ab56f589bf57522215396fa	0a0c156500227494e369c8cc09b9838a76e3cccadc2b460eb250661a6b1567d73f26c3e9ba9e5e8c3928c75dcef419688a53a6b82eb99c968c0be44c073a30e7	0	f39fd6e51aad88f6f4ce6ab8827279cfffb92266
15.winner	54cf6b08355ae8ef3c9c3f407c5f7ccd21600624c2358598a514298318d6f788	94806f811b6543276bd9f315ec51a5d56ae8693193a61966c7c23faa2e8aa84a15056c8c012594174c0bb92350bc2d5cb03714c75c7c764382ca510ba4dc2472	0	f39fd6e51aad88f6f4ce6ab8827279cfffb92266
16.template	14180619e02df943f1592a9226fe5c2261e0c10fb1f71da735c52595cdd24fb8	ce29d1624ad84d4e15d0f4bef147f67d0dbdd55926a935703c0a2ddd406b6335092034f663601cd554161587073db727642056155a67097f19051627696fbd96	0	f39fd6e51aad88f6f4ce6ab8827279cfffb92266
17.winner	4a1312a46eb20b6d6bbcf3157aa0af412f19e4c1d0ffcd179f4266c6b31251e9	75f27707f1118aa87a2c1eedc860d1d56adf326e6f5a093d8141d2e0fcf34d5d4c8240aab5a82fa300353749e9c76a348150e28f327b41dbb3886cc58cefb436	1	f39fd6e51aad88f6f4ce6ab8827279cfffb92266
18.template	206112c23d35d541bc72339964684af04d2517160cf65abe9259160257a4307a	a237dc73a238290c969dfa4c2a4f3060acaa89fa9ca555e9cc54914480b425c5689f281b3aa296eb6dde7152dce421a55b416477fd992a4e54371f1e85b72a4c	0	f39fd6e51aad88f6f4ce6ab8827279cfffb92266
19.winner	01726faa64e446c6187243b792a213ab22925092db5848ac549962ac4fbee9c8	e6a0dbc3c82940f0949d184fae486136b9aa51d1023c776c0eb414b4ce36555146cdb73fb8c22ddd5280d1fd9c24c9920ba72da4c9ca21d5477fe93c3a6eb34b	0	f39fd6e51aad88f6f4ce6ab8827279cfffb92266
20.template	de569eeda6df4ed48e51c75496fc67be3fa5b1f7107d51f5f549ed507fc10786	112957a9bd5d96ee2c9084c9e836ed63ad370b901e16ef92dc0cfcc5ff579c611404e725fd2ddda96374933de3e79c480c920d823421e6d1e0a1d5f68fb3370f	1	f39fd6e51aad88f6f4ce6ab8827279cfffb92266
21.winner	41cc354dd9b5c980766602e75b8f7f385e072a579baff2e0533d060e8e32430a	0f676e8f6ab8cfe383473917c732eac4cfcb17f5f774fb850aacad5358cd9f623f31e25e61dd16a6e52f5a09e6fea0c586f7ad43bc7e36ded15a1133d972fa52	1	f39fd6e51aad88f6f4ce6ab8827279cfffb92266
22.template	8fac8f88c0ebd4ab1ae5dacb2bddec88b38f39600b95ca694a21612f5c53b6c7	aeaf7da39f4352839b10176db685ee46c30743c5c97f82a55fdf0a118cf0a0db357c5791367a828677ee2278d3c222568b0e8bce9dd07da44679fac085680a03	0	f39fd6e51aad88f6f4ce6ab8827279cfffb92266
23.winner	7205db312e5c29ccdc8ff4ddf51d3cf0896c3217d23dbb898f9ee30915ee41d8	4c3f0dbc5e9e49075d88698ed08f81dda92132b36622f0c7bd447152dad61d240830796c8518882aacda522727e4d1a08add7b50e7fa38681d14b77ed78b4c19	0	f39fd6e51aad88f6f4ce6ab8827279cfffb92266
24.template	c1dd692142906d90cdb0c934b6292fbdbbc8226114be2071e28727db489406d0	1b3c814711a5e8c9f238bd8824f79b77a3b043a447586ef7f77b4443d94f82af118cb08eb930dcf3f132b3d34418c52d213f97ba45a9d0b55a8b203441978340	1	f39fd6e51aad88f6f4ce6ab8827279cfffb92266
25.winner	2141a9312b31a8641323cae7ec123bec3f90650e3baa99148928b3c3e68a5ca5	ed57b3e3cb95ddbd47bb6383f3e924843af74625bd8b7e2caa3fa4a8d14a10d63c6f71a0ac56374b5b9eb4417091761cc9334a39efa441712e7132571512cbdf	0	f39fd6e51aad88f6f4ce6ab8827279cfffb92266
26.template	6355852c04f392775423d5aacb39eb74e382c1cce43eb85b725cff78ef611b57	d6810cc2af5f245bb8fe05b7c4d42d928109d3474072dc7b3a92613623be7d166c9b68130b49bd732882f2b6c5e2dee50a44a438de78d98004e7c3aa57c8d155	0	f39fd6e51aad88f6f4ce6ab8827279cfffb92266
27.winner	b9898c554598c0570f0b95db670ece8779dfc533a1dbd0ae4f53b837f2643b7c	d48c454f10620261dedc8d1f8b76c39586f92f168b0998878817eb3ce84850f44b9313e33e256ae007b16819c2ca261211e95fc2d3c5fd63bc4ce6bd6169b542	0	f39fd6e51aad88f6f4ce6ab8827279cfffb92266
28.template	00ae28981d87b3b2762866a23823fb94c76673329a4d1d58d42d26a008318e3e	fcc2719a04575ad40733b30b26c46db4019c57caa74263770a980065905c5c785e57346bbc94c85005efd093432efc4117a4dc208326322387318a7fd2024075	1	f39fd6e51aad88f6f4ce6ab8827279cfffb92266
29.winner	3c05785cb70833d3ebabd1712894d63521fa91c85dd2cd98c210972b00e2d229	c61df31f4df07d3f24310a41fa89c465a1b714d00650bc88bd366aeb3f3b6f0666a7b77742cf85d7eb2912c93dcfd35e1dc9629032e940adb9c32f7e4e36b0e1	0	f39fd6e51aad88f6f4ce6ab8827279cfffb92266
30.template	1d1c98be67a77763cb8df597f732a13d53902115536abecef89907dd2e892767	031586450b4e1fdac3b2496fb897981ce2d4579db8af45d4a00253b3804b9cbf1e998502c4012e8e46b7fa4e505b49b4f04730a7e0bb7e041b0547f9b57c0371	1	f39fd6e51aad88f6f4ce6ab8827279cfffb92266
31.winner	822aee7e01efaa81542e17a3018425e2db0fb4c646dd721caec271d25ea4c220	0bb10bde171ce0da700b040d696418d100c699d89545001f984840221e73cab9193123a3e0aa020a28dcf2d28395b452fe7e9470d239317921d3034c44299787	0	f39fd6e51aad88f6f4ce6ab8827279cfffb92266
32.template	fc1537b10237e5b911571a58d1941416e64638d1f8f9984cdd250a2b46a845e0	83f67296fd8b1e31fbef4767a8cd376ea077776611820c804fa7b16247f29f7a46cc7a0443dfde0a1cb0f1b1329ba02787c5038d46079857e08a96249d7232ea	1	f39fd6e51aad88f6f4ce6ab8827279cfffb92266
33.winner	811bc8275894dcf326e6f57ab66a79422d5507e1f31c30223a214c1f3f76f978	2afea693c9882dc0e9d3995560c28e78e104ced084dbef1f28782ba60bd91953677b7f1ab7bda92db7d019d9517dae5f9009c9e4b6a526fd905f7799bfb66459	1	f39fd6e51aad88f6f4ce6ab8827279cfffb92266
34.template	c7a960e743fcb5b24227913dd960aae66c374512f28882305c7890646506068e	96f1c95cc8740bf146bdfc6bd91247c467cc3d8cd2f5399dd142f916a7611c482923773833d5b7af8456848f563dcb1a1eeaf54e976b2fc4aff1473f47be5b76	0	f39fd6e51aad88f6f4ce6ab8827279cfffb92266
35.winner	913f840fa1be14ab6288088c7ca180eb57f0ecd7f4d6494d52a31c2eff7990bf	439209efdc1a15d6cb3bcd5c9ce3f3617f6d8fde076bd38a26b48770bd101df01c350640a6dfa67e4e3d1bef336c7655079a9168961242599bd864478419296c	1	f39fd6e51aad88f6f4ce6ab8827279cfffb92266
36.template	caf8786b693a3e62735ddf1234791f6c45e4a5ff8f0cd9748e627837473fcb60	8b242638cd1ca31fce5c8d6fdf00d90299f5e5f7b08aa2c2e19628cd3ba6dc907cfca080f884a62a84b0f774da5e398fa75ef43a534c94fc66c90a76874734c6	1	f39fd6e51aad88f6f4ce6ab8827279cfffb92266
37.winner	9389cd8b891ef1d7eb050ad23593b9d2a97bf71aac82a1107b45b35841f73aa9	3d62ff4f9a2958241ae511842c9a0f7f9b70a3723d14e8606ceab0192b0dfa4a6910b0fcf523d12d5666a66f12e8ff6408d738e70ff9d3ef3269a42d986925a9	0	f39fd6e51aad88f6f4ce6ab8827279cfffb92266
38.template	5d7df1e792d7b713af6fde40b73ed137188b29b411a33eb332311edd5582c678	a9f95aaad4cd74ad8f37d499367e5c691b8b99d25def85327c7e40e698fdc76b3aad650a9f744fe79b3a2f77b14461a88bf4df5def34d5eb3492b4f546e930bf	0	f39fd6e51aad88f6f4ce6ab8827279cfffb92266
39.winner	f9f0fd2d07714cdef030a8109c30845d5caa1f0c0f15ca3f0ce09171855ac606	8592b5941745d05af748e5c27de1644d80983d548498e889e0de35e976aac525400dd5a055a891127714bb4527bc236b4165decc5f4183be22194d4c479d33b1	1	f39fd6e51aad88f6f4ce6ab8827279cfffb92266
40.template	dbea3b3fa73a64ae679d8adad1ffe2eae4a9606ff276e8a753292df68f11ab49	48ecb4c7cd6fa6a2a6adfbe3c179a36bc5336fb74f832cf6297aee68a36513745eaec9eb9bec8cf7313aa176b440d6e0290d7b58d1851f364184d0f40c354a50	1	f39fd6e51aad88f6f4ce6ab8827279cfffb92266
41.winner	bdacaaec4e920c3489ee1396807ab399f054db2fdf87e46a59d73fbf7c6cd930	c75e187d0f44b85fe270b8081b8aca4de054c1f660bac4d1a2e8bc736c0739ee169f42ff00e7b449820d081c8ddb35706cd61f88aacb757400ecb0dc1f8b01ca	0	f39fd6e51aad88f6f4ce6ab8827279cfffb92266
42.template	b78997ec29fc2ad8c8f47137d79d60ba5734ca7c05aaa367aa1cbcc30efc1f82	d363b3b5567e9b17dde5dc29a87ee589f606cc36b01d831b1ae162ba4a513fcd78bb2ac469c78558887b79f160957d8ab2bb816b529e859393950987f0a7fbdb	1	f39fd6e51aad88f6f4ce6ab8827279cfffb92266
43.winner	a4ac7033bd7ba8d6f53383efc2dbbb5e5abfc91c0566c7e827fc18d90a40bf05	e15b21a974ef0e75b80b709c966f81cefa79d58993f697c7cab4df0891fa9289799ed1d33bdbb5347ed2385e09396b63165fe088422eff308b09b07d861f0f42	1	f39fd6e51aad88f6f4ce6ab8827279cfffb92266
44.template	4bea28e71d0a80dd6ecc054f30f899c49ab4020b0f5cb856e796878120ccdeeb	31e0bc12a3605cd0bf028999a8f12aa328883959b46d717e963bc0825d6156820765452cd9d7325d47be2d291ef1dfc1c2d7982343a529519353c81ee0d0dfc7	1	f39fd6e51aad88f6f4ce6ab8827279cfffb92266
45.winner	b8accbc6f0311778ce6214a384ac57d6b2f58fd42937eadd9a8b63f0d1aa5ba3	d4d3ab570381ac51e48c316145d2e6e7a237bc0ddc1a0ae30d9c8669dfadd367035d5d5a4a701c576526233d17e8be1d0c9c32aba0d54a15397738c7b3bbb154	0	f39fd6e51aad88f6f4ce6ab8827279cfffb92266
46.template	63bb90bf0249c195e8cda54a64e17e997d10805f1e0a2b1b843095092e067d59	7ddc4f343078e958de0fb87eb515e055dbd6449528d011be91fbc4b757abaaa605eec6b965dbe3985bfdc0ebfb0118cbf876d3397023646402945a6098233ee1	0	f39fd6e51aad88f6f4ce6ab8827279cfffb92266
47.winner	57cf126a90b95fe7ce838798741ad9e735e476908fed0ce4f6e65c8c2f470bce	e71499fd4f13735f9662102fc00ecb0ec52c45f7942e6858f569d3c70da6665c0d9d3699120f7321f5408547cbcaecea055a4a6a89307f5c7e622dd00ba0fcd9	0	f39fd6e51aad88f6f4ce6ab8827279cfffb92266
48.winner	c68d040c35a9f5ea95e167eb772579ba6fdb7bc51504738897edaf879a983b78	f2bf7f1f3304c1f33f552864262745d0fa9a0b52c3947deb4f1251f8d4efa02e441319ebef8e21f1c6bcc1f160eb512fa809868f9a323625c2f503fa7019da3e	0	f39fd6e51aad88f6f4ce6ab8827279cfffb92266
49.template	e1da3f7ae6b86fc215b8ec6474f0bcd2c412a022c5ae2476a243d1bfe166f7d7	0b537be009e1a07e0b11068b0ac1cd9e36dd1b7a1242cb431930d8763731846726423e75952005d0e224bb6cb581fbced83f40025fd27344ffb8f6ce14b2d8c4	1	f39fd6e51aad88f6f4ce6ab8827279cfffb92266
50.winner	3f2295fd84a1b4287db9cbbcafc17e651f9c27651b31c210fcbdef6338135bad	f02cc53c1d34f11554a0eb6ac52d3bee23a24e76c7e9b03a36e2d7db172d575429568b0f7573121d995a910742d216664b356c95d4f9d009dcea897d0ba1c9ef	0	f39fd6e51aad88f6f4ce6ab8827279cfffb92266
51.template	ad7122a004f2ee93122a8a930e6b0ccff044e6291729e1517245e056530db8c1	8f903955e91937dbf160983516ad63faa104f8f360eb6c9edb32c5eae47e48090dfcde83ccacefba8432f0502d461f34b3076673225b610dd97c829e5d8d966a	0	f39fd6e51aad88f6f4ce6ab8827279cfffb92266
52.winner	51cc149170dd816145abb83b26c7bdbeae7f934e4821892eb41209449379684a	4a6b07d9329a3e4974784af18e0d095195d18998ed13f6ba84a07e634e6c4022719e46838b83ba6b9217f93f09a9796068842eef5ce978d7b7c2f6f463ab13d5	1	f39fd6e51aad88f6f4ce6ab8827279cfffb92266
53.template	1c19c5d03c4d83cf16ded5a8877df0003cec6ca5bcc7f8aba7390420482541a8	1ce7c988885dcf29090d48bc3f9bb2cbd9b8ac739d09322b18a1d4dfc59f32415347908e9a657ea30167d5a06478bc1e70829b08b5d43c26b0a1180705a69acc	1	f39fd6e51aad88f6f4ce6ab8827279cfffb92266
54.winner	116354e44ed67db7e54c0b61851582990d7d354d5a9f48f0673ba8e03aa51f11	b9125b03174c60f1d4196f43aebc77a5c9bf85c5809fce88a52d7982b1cb78222d15ac3d5a66ce9769102ed4a52b9487eee03a489dbeb2712cdb034d1d59c828	1	f39fd6e51aad88f6f4ce6ab8827279cfffb92266
55.template	10ab999609ecb07a5975298b323a17ddc58c623050df5752efa959d28db7608d	014dfee4b3cf4921864696ac3fbf64c31c24eb3a2b24d7cc590636adb31d06b35c581aea12195ff8dab737463459fd3efd4e80986248ecdcfb1efcf7cdc0c706	0	f39fd6e51aad88f6f4ce6ab8827279cfffb92266
56.winner	0549731270f7e70b72131a031add0271d609d07fefc4691a71fd4daa9e01d606	e7a7033fcab46f1b60a5359fda9d03150c21834bf29557a1df42e2979ae3cae7461cfe46f8531ec9ca126885f116c32dd2f1b787114fe943cf8219125b9e012d	0	f39fd6e51aad88f6f4ce6ab8827279cfffb92266
57.template	9104090a355915fc27593fd697ea7d232c0837c90b5ce0c714f3fc3d6bd5c6c5	dbd8efa93386681f21e7c15ac6462a887753344c0baf350266884e121426cd4f601c61937d2e2abe1ba81dc74f9849e311e7e43ab81beadc7f4588cffcff0d62	0	f39fd6e51aad88f6f4ce6ab8827279cfffb92266
58.winner	07b8c2f3446646577af4508118d4aedb2991f0f22e8e392b03112e7980b854c3	7573cfd6c1e8154f1fd4e89bfc61973e220fa05618d1c95e2536ca447d2e73f710cfaf1f09d6c52db492720d40a21cb6656939011f7cde9ffc1a962f990343bb	1	f39fd6e51aad88f6f4ce6ab8827279cfffb92266
59.template	512f1b75f3d35a1e0228937bdb78278c27e2a099eef3ecb7483f90e6b3c4f9a7	39bafdf35b5de11cc88766753d4d33ff4977a5fe1b878955469c8d3b927b43ae26cac4ecc4414ccd428ece130b423cd46b748369d5a567a708aff7bd27805c74	1	f39fd6e51aad88f6f4ce6ab8827279cfffb92266
60.winner	01acdf1e23480eb2b88942d9acc9113009e6dc49d2f51c2ae1c3128c2d9c534b	7e3e2c193c5ec5a3494a89c202014a551d9fa1547a7cd5e3f960eb57947e09d935d539276eedea3b5d0539ecc16b41380ab94ac04322ded644268ba1d7a377d4	0	f39fd6e51aad88f6f4ce6ab8827279cfffb92266
61.template	9a904f9da710bf41e40f791aadde6c3f3f23f86aba1e3b5e80fe094318d06c3a	6dc5ae11a3d804c223ead85407f41f8b80ab158e28a7e7f3dbec1d177e9aaa25455f8eb178c4115faf76ca4bf58621cb6ac9e4f5e4dad4c04c2a797c4d2253be	0	f39fd6e51aad88f6f4ce6ab8827279cfffb92266
62.winner	bb7c892f5891c7dd4db8e462eeb959760815f772d848164577ca4d8149827784	a4532f1c6b2cbb217993e893cf2151f910ba49ea9e2bcde9d05711d06df535791637f7cdbb46f2ec31ed2d865110fb3fceff0f3403cd18f73bbf1368b9c9bc77	0	f39fd6e51aad88f6f4ce6ab8827279cfffb92266
63.template	4a47486a9b2225f4b45344ead2a279dcc880e3adf4aed146e51b68ebbd10573d	233ae4bec783ba688db0d45e0b2d249143d30244b326f1c08b654bf6bb928f2e620e9af934d1fb0cc75016b18d9beaad94fcc347eccb75d2b91f2a1f27cf818c	0	f39fd6e51aad88f6f4ce6ab8827279cfffb92266
64.winner	49b7216c4da062fe80bbf612effd831637298e286eee9697129eaa9b1ca702b8	24224e02c3db489cc1cf47ff4ea404579fa18eb80066c56493f081048e0093696465d5b29395b7daf33428b8e080bee6f52190804da0811743cc3885b20c92d1	0	f39fd6e51aad88f6f4ce6ab8827279cfffb92266
65.template	cd39c65e07cb1032abf9b2e75f7e7231725f1d5236ab50d745f4fd7ea00cb6ab	88117d3f102ff24aea2022ec8a14135a29c6a75ea6a65cb28c4173570decf17332270ec1582ecbeb39f3a0d6437c905c2a9423547c9ef8160e940d5a79b3d02b	1	f39fd6e51aad88f6f4ce6ab8827279cfffb92266
66.winner	0a4934b227312e73a645c17cf1a173667082bb7fb229c927273565ac841ff9a5	fa28472a4ee05ae20576e15cd192cf183ce60735958d6e42b9fbb9a8399c01013a31bfceddb5c5361893beaa9b2cab3626f7bf29bdbf3e56c8518f9fe9cfcbe4	0	f39fd6e51aad88f6f4ce6ab8827279cfffb92266
67.template	42e219d05ff8071ebbec166c525e6cbd98f5e7c586865f2d6e65291027e3fd04	d43c6da4c583bb0b5b88f089fbb91ae6302cbf0db8a6919b5d7be09c2890dbe16fb0939d5c0fe97551cb2d193b09a8e0e90716292c7086ed0806318741da3300	1	f39fd6e51aad88f6f4ce6ab8827279cfffb92266
68.winner	25eabac3e7e732288ba0cfceaff90996cb28113f1d062b2bbf5dd435b777da46	b2f861d4d58e094a5b482e9dd9b7862f6b57527ad6ab1052679f856fd051a6333762b641675cac6df88d69998abd8cf8a2f64a794664175c05f8233aed0a9efa	1	f39fd6e51aad88f6f4ce6ab8827279cfffb92266
69.template	578c5545f5bf963b360e1d7ba2b210974b5e1b5452564e513c0ba26f994caee3	b046b8c4b0e5d290f0ba0343ea83fedfaf32a48bd46f172d97b5a071d118ddec5373272f9426438cc02d104d035490fb25864b409f8d498dcb8fcb6ef476e203	1	f39fd6e51aad88f6f4ce6ab8827279cfffb92266
70.winner	8e94cffa2578e2d494bef5fb2d6b6cddd16a4872279ec9a4f8cf1edfddcfd339	8421ceb3118c08fa6e9cca7e7bfbc26779bba56f02dd78189af0685037b26f262cb902d36a525a9ace8e1421fc3a27ee73b2a7022efeb2e1889238647bcebc9a	1	f39fd6e51aad88f6f4ce6ab8827279cfffb92266
71.template	2c14f61999fbb67d9a0153915ee5c26a75f4cd7035b414323318965315b752c7	bb72ed27da7275d09a7f81a75f553eaa87d5a0eb6130b4eed0ec70a31e3198a2772a633dfe46f48d6ea75d162ec801dbc791e3275310d33cb8fbdfb18d00e5ae	1	f39fd6e51aad88f6f4ce6ab8827279cfffb92266
72.winner	9d8620517c76516f366e69a49a9380ee09ee47427a795e0d77574d63fe0d9b43	e7e7d9e5a2913a857482236c37ac90fd3404da878157de23069e12a0788bc4b42958e04a2955e07713f79dead69f0a3d45abd79610c388c86f373810876c150c	1	f39fd6e51aad88f6f4ce6ab8827279cfffb92266
73.template	c295fb9e8894d6194ca45568f0ceb799310188424c11a2f23121e4a12ef5b9f9	f6872a02dda60a86cf1eb475b2ff8f2b04979d25314eaa315c266d75d622241e0614dea2492028108dd09eeb68d3176ae938a38704e6a3e05499e6e0b2a69cf5	1	f39fd6e51aad88f6f4ce6ab8827279cfffb92266
74.winner	42db32ec4a2bf5aec1261f1ddc22ae5eb08477ae09a9ae9edbee74d680ebadf8	c1ee6e700112c8b7778604fd2e798f4707cd4eea2ee1b62e310b03a3a30b536e600675dfa9ec35784791120583b793a2bb666ea6720fe7e76c723567217f3482	0	f39fd6e51aad88f6f4ce6ab8827279cfffb92266
75.template	8e86985862a2fb530786d82be20788d2739c35654a8274e8b629ac197133a96a	f08e21894d29134df63f5f7bcc4954f8ce64d5c18d9937f1a4e5a04007dd361425229f00cef75ebbdf2e41922ae518fb3a2b0e25ccfcd951a82df2efd41fa87b	0	f39fd6e51aad88f6f4ce6ab8827279cfffb92266
76.winner	5cf400edc25a26e986bc9a8cc86624c342f28699c4a0adee8a18a132e5224b57	4b21e30bdd537f6aa0359b2362a850b9c6ecf977d5adbac11398f4b7b8b65d05141c1af08e5a78e0f1148e2d93568c547b6592864efddad25ffc91cd8a239bf4	1	f39fd6e51aad88f6f4ce6ab8827279cfffb92266
77.template	ae2c4ed05e2af0c3f4d9f4b7332730e48a5e5d19d8b9317e56c2fcacd2f3697b	b222c1d02a3711a2f60a96a21e498987a9ce74f1492c0b502a1080d5a32b63576af78a34602aeb3b692e0a352e1bd8b48315a130e16268c37d1a28a731d68685	0	f39fd6e51aad88f6f4ce6ab8827279cfffb92266
78.winner	5fb9bff2ee435a952cffe669fefe76b7bab3f79c7660db4fc3c0c4d8f06f1284	e99792e189860215cc2358127b6083f1c195e19b7efc5ddf798c241a10a714132fb4acaf0464c2b59b8dccd99cd5e8accd197ee6d840ab78f0635adb6c6420c8	1	f39fd6e51aad88f6f4ce6ab8827279cfffb92266
79.template	3dba73f81aa238d1474ca9f6696ee793e2a4901b294cd577863169a784cfec42	3e7e6b29c0a4cb4e61979c760a01dabd34df41eba43ea4a0bd889ad2206608b114ff4fda433efbe3e56eac9f410d250d0e4c2a80fe442526667a30d4fc1851aa	0	f39fd6e51aad88f6f4ce6ab8827279cfffb92266
80.winner	ec5d4889ecc5cf6fbb465e457008a420260d8088a88e7372f11350ed899bb26c	54d3dcc67d7739d712625561156e6f15ea7de47cf88d54a6048c23192ba3df586a9ca264bf553f14be027a7212e2ed26932c8429dfd5c5097809774f0a792c34	1	f39fd6e51aad88f6f4ce6ab8827279cfffb92266
81.template	a8bd27e29c753b734d9d37e39536d3df578cd3658758b4d58aa5ca36d7676016	7ef0fafe5d89cbcaa66f1b6e1f04d94f378e2f26f3ca83468813df0497a9a50241f95fd471c65b24dfa9560691eca4c77c8f0de3b3bd967c6b074c64814e8ed4	1	f39fd6e51aad88f6f4ce6ab8827279cfffb92266
82.winner	81a8355a37f69d2fced54031fa55d0e48f80ce223c2c3d68840b8193fa5390f3	beed2a061d2ed9427620f4960b071dc46cba5acc2d39acba610b5cfdaf8f3aea0a6870b7d19bf8ebc65c8c7fb6b76e228e1fb675f3f1094bbb1d5879ec53f2c1	1	f39fd6e51aad88f6f4ce6ab8827279cfffb92266
83.template	b8538b068eb1cb4a25c85ff9f3d0e1e7b406d00b65807f8402654891e44fdd46	4fc3ef189e15eeb63c88691cf9ba540ebe76e29a0f7646249e89c8836660e1ac668bde3c5ff317eb0f018c2423dacc4b30c4c2c70db8c27b3159ceccad20ca27	1	f39fd6e51aad88f6f4ce6ab8827279cfffb92266
84.winner	0d08292967a2ab25f46b869aa21d8696c8f095d47abf32f0a7c70b5850e635db	0d74d9459bb983d49d40a6c1497669f31fb2cf5ad05cdc1fd5af00ed04a2e0a5364829938cf1affb4bc6875e45daaee580e9747ca6efc5c7b6790346ecec9761	0	f39fd6e51aad88f6f4ce6ab8827279cfffb92266
85.template	590f1f52789e41571b6c953147c514fe1c5fd9769b00591c8cd6ad20dd952d7b	4bf1ce06a66e8d262fde57026d3dad2e0b8894ec47299e312038644be52381e0049b6baaec12f7f1710e248195b7a4d8dad088b043fb73b32006319ef50ebc12	0	f39fd6e51aad88f6f4ce6ab8827279cfffb92266
86.winner	4ae6b4db325f24bd3d80274075346671fbd8e53cfef92e17310f03e6bc2ed7a2	3b30435c174a3dc0e4b69e99b82a6c1cc1dedb24ef42744e67fad6b948a29f7d40de1a843354831e8d30785ebd4dcecc5b620941190b2584caec2df421e60d85	0	f39fd6e51aad88f6f4ce6ab8827279cfffb92266
87.template	f2d41a9844c74dd71b4a63dc25a9a942067e3baae10e0f1ade5c2910d37dc491	8061a340afbe34f5c12656976d7a3482d2976a93ce2dc3dc7aa19b7bee66b6183a6a1bceee3fbeeffa368683b3093e31a9d10e2f79d3d4908fcee97efff93a4e	1	f39fd6e51aad88f6f4ce6ab8827279cfffb92266
88.winner	343476b7536fbf1c2f6215fdc104916a137e7ecfc76455511bbac2fda0223250	39b7ee03ac21291b758bc5a16da42bf31e06f74f038a3ab55d5246a353a02f194301ad129415d587b895afa88935bfc6834bc00bd2b80eda2a51df904479f4fb	1	f39fd6e51aad88f6f4ce6ab8827279cfffb92266
89.template	30ee956fe7c2b3e68022d73202e9509810deec59bb1547be647833f30a34b445	a603eefce3be72c013b32b510017873cc3b9b26695409e1189d2f1388b59a10c6c9b100dc558fdfe4cbee8dcfe6384b5898ff6e36bf61c7d063327ba8eeb34f0	1	f39fd6e51aad88f6f4ce6ab8827279cfffb92266
90.winner	3be1736d7f130d4aa9a8f691392ffa6f90e0d90a5283fa6dbc0c9ee1571e73b1	90be743d92dd42b6fe91ae46a35e1b4a53cead583d324863eabe7e87a1cbe0cc7ae074e83266c6afba30403937051e9aab80fca9f3e820c3f98c1731dd18b434	1	f39fd6e51aad88f6f4ce6ab8827279cfffb92266
91.template	dbce371af35f1c54c85413e82e6ad86b546879513df83880d6fc14c16d6d6ca0	fd5b7af8faaf1f974e1b4c88bac55c9d53a679b4d8a362be3645f7e14908ad32764eed085204a59600a7b97d938b2c39d535ec301869b51a6cb29fb3d59ec550	1	f39fd6e51aad88f6f4ce6ab8827279cfffb92266
92.winner	697e4384a7ebdee814b822d9545839a9728d3df8a3dff3561c7433b8bece67ef	3bb61423c5eb4142bdece003fe0779fbcaf7633c3896dad2b5a42c07d7d5412a565a60df64a1383fea4e2e5fbad754e38ac9455fdfe4adfc9ee48256f4b926a1	1	f39fd6e51aad88f6f4ce6ab8827279cfffb92266
93.template	87eacab57184cce4f000460ac0339ca37bab2b10bce777df81f32d3e5457dac3	818218de82664c9da2aa3576577a3b99983971a9024278e942adccc48b0ee33833c2aab7cf2bc2118067a7c047ef64091994b8336dcc764fa638d6267aff9709	1	f39fd6e51aad88f6f4ce6ab8827279cfffb92266
94.winner	1910ee97348676fe736afc46809f9fc1386c1d8a371b6df955131a1e9412c73e	9bac06edfcc1fe0995de08acb77be12121e255c28ecd95d16669a3e5ffc0de905e261086e4a7e058bdfae158364d2af22f911c25d7521b98b05c7843a4ec5fff	0	f39fd6e51aad88f6f4ce6ab8827279cfffb92266
95.template	ec6e4f26f6505dcee443a07567c59bff7388438f061c5f6f4183c911c6d0ce57	aa9128b1b0be7364d51aea8d4e5c33ea40cfb448918819ba2641907759b9a9277e45f860c717cdf1586bff8fb7d3308766d76cb9f4f96f46133f141f73ed70b2	1	f39fd6e51aad88f6f4ce6ab8827279cfffb92266
96.winner	68af435a870aff14b251ed4603a051f7385a1637960d72a4d143937daf0935ae	fd57cebd645eb5f1e60f2493e342ba2448a4082a9f3ddf570c484ba2c89a189069b51326f49c1a39dfa586bef591b0347090f2d7c7ff5aa5eedb9051f90a0406	0	f39fd6e51aad88f6f4ce6ab8827279cfffb92266
97.template	85c719617a4dc8ab577998290546721f362de49bdad62e6d477771c0647dd1ff	7e7fef415349fc7ab44776745b04ca8f90c331b67ea545ef0d9b8fa7b1a1afc06c43ee2c9819730b18976b933f2c57106ee343c824ccc45d8fd2fa59cab725c1	0	f39fd6e51aad88f6f4ce6ab8827279cfffb92266
98.winner	542b72d9dc98f297dc0d2d884716934edcdf989563c7b5c060f0919a071bf6ef	5cef79383a1167513128ae132866e2852b32db460bd2b54d0dcaac699ddc54be4c9f160a99f36ecf66f4162c19bc42499b7bc77411cccc43a0fd22cdb36d82b5	0	f39fd6e51aad88f6f4ce6ab8827279cfffb92266
99.template	c9f65d4e58a9968c0cc783bbd699677ff4e89603f24d0300b5388a53a9ee4ecc	dd6e877cdb673fddbc4db3cb1d4db2d84dd17a37abc12d180da6b8abc98859394e03746fb8c1f1a7231b87b9db70bc573bcd152a3508a1adbc35d6e3a07600ab	1	f39fd6e51aad88f6f4ce6ab8827279cfffb92266
100.winner	5682b52387618edf97659409471a1864c7255c30650ff38e04edd1dbaed83b3c	d0000778b1f0ef98cc3f0e6a8bf48ab14210346e545153f0f121decc0b8dac3a6ee64b389bf82cacc60198be93e49b8291d723e7053ede7510a65a6bf04f8a59	0	f39fd6e51aad88f6f4ce6ab8827279cfffb92266
101.template	5405dd82740f25b2b5ceb00ba1be1b0cc53d9772f13b7c86bb63c16133e94abd	e6b28e1ba8b2ea2a313f8f682c352c2553f70e6383185b6819899785ec9540aa7ee1aea9d57cf24c871bd90590a559011a2809010ac7646ed3248d6991b603a8	1	f39fd6e51aad88f6f4ce6ab8827279cfffb92266
102.winner	012d68bb8a160d7d4a36bf5878a2d681c44897c68e9b58e94dd783cb7be1bf63	6184f3275d964c066c5f3da48a15ff2cabff1876117e7a89bc3ea48493d187ad3c2e2b0be2ce66654e575f83a534eeb75042298805beed6c885f2b0c6689bd34	1	f39fd6e51aad88f6f4ce6ab8827279cfffb92266
103.template	9dd7f24136c4cc4bb33b559447d61e099d6bb8f99337ac110741d59fa2831c6e	34420467e876f2f0980a2a749a026bb398539606f2803fc6446965b75faca8fc0eec5593afccfa032d92d584fd9c0fd0026404aed4848aabe5d2062479edd0dc	0	f39fd6e51aad88f6f4ce6ab8827279cfffb92266
104.winner	80d1972ffd5f4504ca6e0071a89c4e4dab5ffcd8bf1c77a9bc7b3cea7b1b411c	3316945018c41f21f4639624ea00b3f4aa41da2e1d66323d65cd7dd9fd7dbf726ef21f24f0f435c579cdb78bc2ab64c746187be40c156c78891fd2ce1607dca6	0	f39fd6e51aad88f6f4ce6ab8827279cfffb92266
105.template	91603dccb80ed0ce50fd7ddeb44424f2946193613ddc89b304f301a84505a80c	088fa07d7a86a30535f2cd0a6761e53f13bf9b1df1f10beabc1a1459f63f0b3251922782fd904aca5b14253e402e62a867e5745e7200f69b2f28fedb2760c41c	1	f39fd6e51aad88f6f4ce6ab8827279cfffb92266
106.winner	acd1d9fc029cfad97127829f45cf17a9c66324645e0c527bce49d187a0558f08	64b87c75f8734dd1486c3a701c9edfada4f9ff9231cdf247e478943123e53fcf2b9a80aaadece0bea78598440fe7173a6c4bcafb04c0c1869d0f3dbbe8e81648	0	f39fd6e51aad88f6f4ce6ab8827279cfffb92266
107.template	96a24bd1a7d5d4f1c6c88a3ab59b8db53b4f0e4509e0ee576f46adea3bafa9ab	232dc673dac629b4b91211855bb9f6f2210d2b01b5d3cf2580da138ea23f280143dca8444a114999763cd1a77e52b3b2cbe79fba02268eb42ea4291fe5f55cb4	0	f39fd6e51aad88f6f4ce6ab8827279cfffb92266
108.winner	2e6ed5e555a1adfc755e2b2eb56d6a94213bd50201a907f0f6416bc005f77cc1	fd020b7120e96dd059f469bdc045b539c03aa41d0aed96b3ad06b34d12fb4da91fda1fd61e254f81603c462e90e552495a3e48475b6a6744c22bd043c45373c5	1	f39fd6e51aad88f6f4ce6ab8827279cfffb92266
109.template	960ed6a7642f58f8e49a5decad35644253ba9034de3bd841ae64b39b2191e1c4	508bc243d07fd459c36c3b7a85b7a0d9180b4d82a8c34cccbfd0c00dbdcfc5e164186e26e486d8c1a758b279efc01ce9f1754612a032b5cba6d9c5a12a9082dd	1	f39fd6e51aad88f6f4ce6ab8827279cfffb92266
110.winner	ff5aac1032609e035d3e607da9251802b733235133912a9ea6e18772c98127b5	f6193e0744a5755a7197d43a24fa99642c84729f0f580093659a515d869e557e54cb77763fa1a30dacac255502ca11c3d72de69eded472adfebd6b1fe804c295	0	f39fd6e51aad88f6f4ce6ab8827279cfffb92266
111.template	6dabc5c7072bb146be4b610a1b333dfa3af7774ebf80b076718610a08b90218b	7743e0221a4e40e63f6a8ed96fe01e8e89fbc3ad81e2fa4492129dd72a9fe2a6403accb0a19b30af7e480389c2110c9fe4d16d1229e2a6e5feabecb6dba07d19	0	f39fd6e51aad88f6f4ce6ab8827279cfffb92266
112.winner	4e18e10089a972cd2104cdeeed7e0474947bed445824d8aba4ac1a8fce2e8afc	ab28f9aa876d03dded547ebcaba89ba1456fb5989606bbc2a8a5abd6983cf29f43db557ba1f65254e17026f685eaebe31a0ce2c40a807033c153a3f9dccf5b63	1	f39fd6e51aad88f6f4ce6ab8827279cfffb92266
113.template	6ec6a84d90aba80a4d81a7e926cfb97453750fb12d73e858df3b73f81650d657	37151423a8c39d24b5b69951fe3ed4c0d7a3ea08de577794d9e5adc5206824991afe56edf0ea778b14d3e0a02205e289b1134f114711edba84e78d0aaea95fe0	1	f39fd6e51aad88f6f4ce6ab8827279cfffb92266
114.winner	f2be9bdb49505e31a6c6be02776728ec66b34da2c2792c54d78ab75083497014	2b1ee42d24eeed0be6d7ac18850c3ed5512e2891f9289559037e3cb01e431cb520eea7e562444383ea2898d77f2b27092f18cec38968d54b7019d57f0739532c	1	f39fd6e51aad88f6f4ce6ab8827279cfffb92266
115.template	2b40e4ae700825ebb4f08dcc5678408d25bf96ebd27503f945572bf80e02d542	e5e69cdcdb193704242c310a494fb10327ac1838ad6f12b934f66d0bf97b75594ae039222f2d2f2d7bf84809db59fc8245870fb89520dd5fd0b49eca18756d81	1	f39fd6e51aad88f6f4ce6ab8827279cfffb92266
116.winner	9f4dfacf40b220ea6999a0ae68fa3c24a18bb7fe92e4b02582ba8bc5b7357ea5	36501b759cd63f0635a9aaeb42a1abf55d1441bd64a557b0ccb2302ded58364e097ca611df5a784e5614218eee32e33b44611ad8d03db57010ea75a32125bc6a	1	f39fd6e51aad88f6f4ce6ab8827279cfffb92266
117.template	27ba8a3e0d86f61288e9a1a3a1558e4c5746ccdb3ab8e0fd779c934c8981da50	31b499cf164ab7f0af6bd7430b44c2dddecaa4572a39b2bb5358dac5c204bafe75d02dfa479e2c2447402c8d1f1ec93346ea34e5d61f0bc04c34c825d3b40c73	1	f39fd6e51aad88f6f4ce6ab8827279cfffb92266
118.winner	8e5a9fefaaa43e882addb6cd159d9b8de25e87101ad3124749b4fbba227834f8	7101c8fcccb4ce8846e40e66de7cd81e9e92d2b697ff3d0f8236bd7332dda1053e0bc32be803672a4c2c76010cefea1931772bcf600f81e9ab89908c068051a7	0	f39fd6e51aad88f6f4ce6ab8827279cfffb92266
119.template	af6e1e7966d1200dde676e766047c6b8206319f3b851bf55b4374605c33b093e	a079d314e14be4055d4c8f145f523165b53a62e71c27f08cd1210f512cf9934645b76b9f292deb81e12a9e4039cc999afa37f5aa47e644d3d499d8f30a368f9f	1	f39fd6e51aad88f6f4ce6ab8827279cfffb92266
120.winner	7dd0d66cec7d16e3584d1546ce45ad41838a319a4b71411e4ed1fe0d8aa0e52f	0457f0df2905e9dd2537bdaa3930653c48b3af5990f0f3458371f444880f84a207f74483ca20630e57b4d8a0c99cda1123d2c29f18ae4f21c0a6fd345a8189e6	0	f39fd6e51aad88f6f4ce6ab8827279cfffb92266
121.template	ae9b964b1d9aec127a733cbf97760e81932df12bd3f41822110287ded8838a03	ea2a7222cb2e1cbb0cd9f80dd1e14fc67ab278377ed8ed3a6a33715e13989dd174caaf4fba121d1ad027acb7921e5dadf1a65be532315b047ba321219017b15f	1	f39fd6e51aad88f6f4ce6ab8827279cfffb92266
122.winner	bb2e380ee4141ed6f03aff3197543889e91641f6ee0696c823bb51ca81ff4b7b	53cdf991ce179d429e37588d050b4e2ae3deabac26774c1e9e82792a1b1513336c77be211b6591bf8ab81c03bc50d51682f18e929181ada13a2cc2adf19a7cec	1	f39fd6e51aad88f6f4ce6ab8827279cfffb92266
123.template	1de137d971e5411791078f31adafb78714ea3a013da3d5101cc66e4ebf6f1a31	197bed3728d19c89d41a7d66b122a2ff941c64da394a094a5cb110eebb95c50940fcf3927058cc51ac2f1ae16d3e0e318dd5e0484dddfd131a8685b51b53ed10	1	f39fd6e51aad88f6f4ce6ab8827279cfffb92266
124.winner	e92f2adaa03ed4c4665d55069a14ed3c7215d03bb058f67c2f9a6dd0072e0250	1057253394f3371856373eaa0dbcf31aedf1c153ae3126136a0aaa6073711893559648ced9452155f49b65d7f7fa12e3156e2b09c6bf39716ac5cce166ecd4eb	0	f39fd6e51aad88f6f4ce6ab8827279cfffb92266
125.template	58d2de20524e3995a47505b164e9efbbdfc962d407c19b54d2c7f32a607413d2	474a88fff8fac6b3ec95d217e85a50c041598bbf1e3c90e7a102136217058baa5154c778655200223e6e09ac57ea95d31d3bc82687faf1ade3e9a83a010e9a86	1	f39fd6e51aad88f6f4ce6ab8827279cfffb92266
126.winner	a3464c09aa3d4e240d29b8bfa3b1843564eb9e9cd5096f27ed8116fb1e7622a8	dfcd5f090d5b588b76bb4cc423c94e53709b239bcc6196a17336ea50253fbc295c2258655a99a8d52b675cb1e399234998a25c08bfb7ca5140a15f297fb6e899	0	f39fd6e51aad88f6f4ce6ab8827279cfffb92266
127.template	40cb2b8624837742700f54cde489ff77863b24e176d19ac220755ae4fdd6c8df	8031f017d22a24095082309415cdbb29857b253135d765e8eddb271d9e320ab9186610116954e36491a8bdf912dacc92965adc46ece30b6beccf7db72a47e07f	0	f39fd6e51aad88f6f4ce6ab8827279cfffb92266
128.winner	be98919f7387b6ec7baff48650b4fbbec6b088a8f2914f3727c4da17b0f00f33	1fc2d66bf7c3d4ca456237cb134d833ca497a9215d6765c851f813f16981f9585cfd5e5836c62afa1537b62935cd937d683f7767bfe132ab5dc81deb63ac32b2	1	f39fd6e51aad88f6f4ce6ab8827279cfffb92266
129.template	4d1e580508dd871881fad3bc9ea0512dc101bf8c5023dec7fba4c6e010514391	3c376f443275b37661bd63066cae10ee50780da49bd8710fc033fe94e26a75a2009fa2c63576f0c83487a07f182321ed4cca076138b7cadb2b36d623b0a7f40c	1	f39fd6e51aad88f6f4ce6ab8827279cfffb92266
130.winner	bcb82a35b6cd78d75b4bc0cc98b7fc8b929b01c92f6a76e424521970b572b645	8d8fd6f4aa61f69772eefefe45616460dec352d73373f5daa08ec92c5832a6481769e36c9f6376b1aa9b83d8b7983e05d4b4638a9a2784f9d111ee7a4e709293	0	f39fd6e51aad88f6f4ce6ab8827279cfffb92266
131.template	c85e479973378f0f7c91aa439f0b37758fab046b3d28ac67a89d3e1df2a470ad	968ba72d7e3dfb1e933fefd30581d0f22cf3b951b76e0de98083792feb78fdbf2b90bcc5a374d88a97f2f05e5b432117fe9d6e908d02e6410e9c8f320e432ae6	1	f39fd6e51aad88f6f4ce6ab8827279cfffb92266
132.winner	c9c086a8342987af3c29caee9a6c4fec84d4ebaba2dc33c71a9bb588e68eebd0	09d42ef9c67533890b930bf20ab15e0efdb55c583f9afb3f913b8721d6e96aa475dbdfd796e0644e4b4d9bb5f6a5a1267fe73eba8790ec8977174ef654eb56fb	0	f39fd6e51aad88f6f4ce6ab8827279cfffb92266
133.template	25403138bb84ae622c6c5c0b931b92f65ed15e269541c1625fadb234096ca5f9	d565f756835e1b98597256f945cf16dedf15b5f9e7574f57b6b00547037b2ed862d8cd299e54a38fdfd989c535a660a66e22cd7199052a8befe58a25948886bc	1	f39fd6e51aad88f6f4ce6ab8827279cfffb92266
134.winner	39f8443a9d94c1b941e9ef5dd1c733f9db5fc0c962037ff247932e4276d0a818	c07cad91bb41bf59ddd244cf4c0ee6b7d73b669294ceda27f7842533dd31dc376e9cc9178e57cb8fa3db2c04606c505e4f33ebff449a60a018b214b34762cd50	0	f39fd6e51aad88f6f4ce6ab8827279cfffb92266
